Txn_Hash,Timestamp,Asset,Amount,Destination_Address,Auth_Method,IP_Source,Status
0x882a771,2026-03-10T03:01:05Z,BTC,2.5,bc1q_WASHER_01,Admin_API_Key_09,192.168.50.12,SUCCESS
0x882a772,2026-03-10T03:01:12Z,BTC,2.5,bc1q_WASHER_01,Admin_API_Key_09,192.168.50.12,SUCCESS
0x882a773,2026-03-10T03:01:25Z,BTC,2.5,bc1q_WASHER_01,Admin_API_Key_09,192.168.50.12,SUCCESS
0x882a774,2026-03-10T03:01:38Z,BTC,2.5,bc1q_WASHER_01,Admin_API_Key_09,192.168.50.12,SUCCESS
0x882a775,2026-03-10T03:01:50Z,BTC,2.5,bc1q_WASHER_01,Admin_API_Key_09,192.168.50.12,SUCCESS
0x882a776,2026-03-10T03:02:10Z,BTC,2.5,bc1q_WASHER_01,Admin_API_Key_09,192.168.50.12,SUCCESS
0x882a777,2026-03-10T03:02:22Z,BTC,2.5,bc1q_WASHER_01,Admin_API_Key_09,192.168.50.12,SUCCESS
0x882a778,2026-03-10T03:02:35Z,BTC,2.5,bc1q_WASHER_01,Admin_API_Key_09,192.168.50.12,SUCCESS
0x882a779,2026-03-10T03:02:48Z,BTC,2.5,bc1q_WASHER_01,Admin_API_Key_09,192.168.50.12,SUCCESS
0x882a780,2026-03-10T03:03:01Z,BTC,2.5,bc1q_WASHER_01,Admin_API_Key_09,192.168.50.12,SUCCESS
0x991b201,2026-03-10T09:15:00Z,ETH,15.0,0x772f991c,User_2FA,204.15.11.88,SUCCESS
0x991b202,2026-03-10T09:18:22Z,SOL,450.0,0x881a223b,User_2FA,108.22.45.12,SUCCESS
0x991b203,2026-03-10T09:25:40Z,BTC,0.05,0x442e331a,User_2FA,192.168.1.15,SUCCESS